fishName,baseName,confirmedMaxWeightGrams,confirmedMinWeightGrams,note
Амурский осётр,Амур,88000,,
Амурский сиг,Амур,2310,,
Ауха,Амур,9900,,
Белый Амур,Амур,41800,,
Верхогляд,Амур,9900,,
Владиславия,Амур,143,,
Желтощёк,Амур,49500,,
Змееголов,Амур,12100,,
Карась Серебрянный,Амур,4620,,
Кета,Амур,15400,,
Кижуч,Амур,14300,,
Ленок,Амур,6600,,
Монгольский Краснопёр,Амур,4070,,
Пескарь,Амур,77,,
Пёстрый конь,Амур,1980,,
Ротан,Амур,198,,
Сима,Амур,9900,,
Скрипун,Амур,715,,
Сом Амурский,Амур,13200,,
Сом Солдатова,Амур,605000,,
Таймень,Амур,77000,,
Толстолобик,Амур,34100,,
Троегуб,Амур,660,,
Уссурийская востробрюшка,Амур,330,,
Уссурийская Касатка,Амур,6930,,
Хариус,Амур,1980,,
Чёрный Амур,Амур,34100,,
Чёрный лещ,Амур,3740,,
Амурская щука,Амур,23100,,
Пескарь,Вуокса,79,,
Ручьевая форель,Вуокса,1925,,
Усач,Вуокса,11550,,
Щука,Вуокса,24750,,
Жерех,Вуокса,14733,,
Подлещик,Вуокса,935,,
Радужная форель,Вуокса,4950,,
Карп голый,Вуокса,28600,,
Налим,Вуокса,15830,,
Озерная форель,Вуокса,8030,,
Плотва,Вуокса,1980,,
Ряпушка,Вуокса,352,,
Сиг,Вуокса,5940,,
Елец,Вуокса,396,,
Синец,Вуокса,693,,
Судак,Вуокса,14300,,
Чехонь,Вуокса,1485,,
Язь,Вуокса,7920,,
Берш,Вуокса,1540,,
Ёрш,Вуокса,198,,
Карп зеркальный,Вуокса,29700,,
Белоглазка,Вуокса,990,,
Голец Арктический,Вуокса,17820,,
Голец усатый,Вуокса,77,,
Карп,Вуокса,34650,,
Корюшка,Вуокса,154,,
Лосось,Вуокса,28050,,
Окунь,Вуокса,3960,,
Уклейка,Вуокса,198,,
Густера,Вуокса,1210,,
Лещ,Вуокса,7920,,
Палия,Вуокса,9400,,
Хариус,Вуокса,1980,,
Плотва,Дёма,2035,,
Стерлядь,Дёма,13200,,
Тарань,Дёма,935,,
Чехонь,Дёма,1375,,
Карп,Дёма,30800,,
Краснопёрка,Дёма,1925,,
Окунь,Дёма,3520,,
Рак,Дёма,572,,
Рванный сапог,Дёма,7700,,
Лещ,Дёма,7700,,
Густера,Дёма,1155,,
Шемая,Дёма,275,,
Налим,Дёма,17900,,
Бычок,Дёма,110,,
Вобла,Дёма,770,,
Жерех,Дёма,16500,,
Линь,Дёма,7700,,
Сом,Дёма,77000,,
Старая покрышка,Дёма,41800,,
Карась серебрянный,Дёма,4570,,
Подлещик,Дёма,935,,
Пузанок,Дёма,187,,
Щука,Дёма,24200,,
Судак,Дёма,9900,,
Ёрш,Дёма,198,,
Карась золотой,Дёма,3850,,
Уклейка,Дёма,198,,
Берш,Дёма,1540,,
Голец арктический,Кола,15400,,
Голец усатый,Кола,66,,
Горбуша,Кола,2860,,
Ёрш,Кола,198,,
Корюшка,Кола,165,,
Кумжа,Кола,22000,,
Налим,Кола,14300,,
Озёрная форель,Кола,7150,,
Окунь,Кола,3410,,
Палия,Кола,7150,,
Пелядь,Кола,2420,,
Плотва,Кола,1870,,
Подкаменщик,Кола,418,,
Ручьевая форель,Кола,2365,,
Ряпушка,Кола,341,,
Семга,Кола,38500,,
Сиг,Кола,6050,,
Хариус,Кола,1870,,
Щука,Кола,23100,,
Бычек,Кола,110,,
Валёк,Верхняя Тунгуска,990,,
Голец Арктический,Верхняя Тунгуска,15400,,
Голец усатый,Верхняя Тунгуска,79,,
Горбуша,Верхняя Тунгуска,3630,,
Елец Сибирский,Верхняя Тунгуска,396,,
Ёрш,Верхняя Тунгуска,198,,
Карась золотой,Верхняя Тунгуска,3960,,
Карась серебрянный,Верхняя Тунгуска,4510,,
Колюшка девятииглая,Верхняя Тунгуска,68,,
Колюшка трёхиглая,Верхняя Тунгуска,59,,
Корюшка,Верхняя Тунгуска,143,,
Ленок,Верхняя Тунгуска,7260,,
Лещ Восточносибирский,Верхняя Тунгуска,4510,,
Линь,Верхняя Тунгуска,7920,,
Муксун,Верхняя Тунгуска,9900,,
Окунь,Верхняя Тунгуска,3520,,
Омуль,Верхняя Тунгуска,1870,,
Омуль Байкальский,Верхняя Тунгуска,1870,,
Осётр Восточносибирский,Верхняя Тунгуска,115500,,
Пелядь,Верхняя Тунгуска,2640,,
Пескарь,Верхняя Тунгуска,80,,
Плотва,Верхняя Тунгуска,1960,,
Пыжьян,Верхняя Тунгуска,4972,,
Радужная форель,Верхняя Тунгуска,5060,,
Рогатка,Верхняя Тунгуска,79,,
Ручьевая форель,Верхняя Тунгуска,1980,,
Ряпушка,Верхняя Тунгуска,330,,
Севанская форель,Верхняя Тунгуска,1540,,
Сиг,Верхняя Тунгуска,5500,,
Сом Амурский,Верхняя Тунгуска,11000,,
Стерлядь сибирская,Верхняя Тунгуска,11000,,
Таймень,Верхняя Тунгуска,79200,,
Тугун,Верхняя Тунгуска,60,,
Хариус,Верхняя Тунгуска,1980,,
Хариус сибирский,Верхняя Тунгуска,935,,
Чир,Верхняя Тунгуска,15400,,
Шемая,Верхняя Тунгуска,297,,
Щука,Верхняя Тунгуска,22000,,
Язь,Верхняя Тунгуска,7700,,
